backend_name,simulator_version,task_name,object_category,object_name,robot_embodiment,num_environments,validation_scope,episode,reset_time_s,steps,step_time_s,step_fps_no_render,success,success_predicate_correctness,initial_ee_xyz,final_ee_xyz,initial_object_xyz,final_object_xyz,reference_object_xyz,threshold_m,engineering_notes
mujoco_raw_cdpr,3.2.4,move_to_object,cube/block,block,current CDPR gripper MJCF with kinematic waypoint EE controller,1,scripted_waypoint_predicate,0,0.000456,300,0.034090,8800.22,1,8/8,"[0.0000, 0.0000, 0.2200]","[-0.0498, 0.0261, 0.1835]","[-0.0560, 0.0322, 0.0520]","[-0.0560, 0.0322, 0.0505]",,0.0400,XY predicate on ee_base to target body; waypoint controller only.
mujoco_raw_cdpr,3.2.4,move_to_object,cube/block,block,current CDPR gripper MJCF with kinematic waypoint EE controller,1,scripted_waypoint_predicate,1,0.000325,300,0.033654,8914.18,1,8/8,"[0.0000, 0.0000, 0.2200]","[-0.0416, 0.0419, 0.1835]","[-0.0478, 0.0481, 0.0520]","[-0.0478, 0.0481, 0.0505]",,0.0400,XY predicate on ee_base to target body; waypoint controller only.
mujoco_raw_cdpr,3.2.4,move_to_object,cube/block,block,current CDPR gripper MJCF with kinematic waypoint EE controller,1,scripted_waypoint_predicate,2,0.000317,300,0.033507,8953.48,1,8/8,"[0.0000, 0.0000, 0.2200]","[-0.0166, -0.0432, 0.1835]","[-0.0227, -0.0374, 0.0520]","[-0.0227, -0.0374, 0.0505]",,0.0400,XY predicate on ee_base to target body; waypoint controller only.
mujoco_raw_cdpr,3.2.4,move_to_object,cube/block,block,current CDPR gripper MJCF with kinematic waypoint EE controller,1,scripted_waypoint_predicate,3,0.000285,300,0.033433,8973.27,1,8/8,"[0.0000, 0.0000, 0.2200]","[-0.0528, 0.0522, 0.1835]","[-0.0590, 0.0585, 0.0520]","[-0.0590, 0.0585, 0.0505]",,0.0400,XY predicate on ee_base to target body; waypoint controller only.
mujoco_raw_cdpr,3.2.4,move_to_object,cube/block,block,current CDPR gripper MJCF with kinematic waypoint EE controller,1,scripted_waypoint_predicate,4,0.000331,300,0.033512,8951.93,1,8/8,"[0.0000, 0.0000, 0.2200]","[0.0597, 0.0236, 0.1835]","[0.0540, 0.0298, 0.0520]","[0.0540, 0.0298, 0.0505]",,0.0400,XY predicate on ee_base to target body; waypoint controller only.
mujoco_raw_cdpr,3.2.4,move_to_object,cube/block,block,current CDPR gripper MJCF with kinematic waypoint EE controller,1,scripted_waypoint_predicate,5,0.000299,300,0.033456,8966.98,1,8/8,"[0.0000, 0.0000, 0.2200]","[-0.0345, 0.0531, 0.1835]","[-0.0407, 0.0593, 0.0520]","[-0.0407, 0.0593, 0.0505]",,0.0400,XY predicate on ee_base to target body; waypoint controller only.
mujoco_raw_cdpr,3.2.4,move_to_object,cube/block,block,current CDPR gripper MJCF with kinematic waypoint EE controller,1,scripted_waypoint_predicate,6,0.000334,300,0.033128,9055.74,1,8/8,"[0.0000, 0.0000, 0.2200]","[0.0547, 0.0499, 0.1835]","[0.0490, 0.0561, 0.0520]","[0.0490, 0.0561, 0.0505]",,0.0400,XY predicate on ee_base to target body; waypoint controller only.
mujoco_raw_cdpr,3.2.4,move_to_object,cube/block,block,current CDPR gripper MJCF with kinematic waypoint EE controller,1,scripted_waypoint_predicate,7,0.000288,300,0.033687,8905.46,1,8/8,"[0.0000, 0.0000, 0.2200]","[0.0471, -0.0619, 0.1835]","[0.0413, -0.0562, 0.0520]","[0.0413, -0.0562, 0.0505]",,0.0400,XY predicate on ee_base to target body; waypoint controller only.
mujoco_raw_cdpr,3.2.4,move_to_object,cube/block,block,current CDPR gripper MJCF with kinematic waypoint EE controller,1,scripted_waypoint_predicate,8,0.000403,300,0.033485,8959.14,1,8/8,"[0.0000, 0.0000, 0.2200]","[0.0827, -0.0395, 0.1835]","[0.0771, -0.0337, 0.0520]","[0.0771, -0.0337, 0.0505]",,0.0400,XY predicate on ee_base to target body; waypoint controller only.
mujoco_raw_cdpr,3.2.4,move_to_object,cube/block,block,current CDPR gripper MJCF with kinematic waypoint EE controller,1,scripted_waypoint_predicate,9,0.000327,300,0.033379,8987.63,1,8/8,"[0.0000, 0.0000, 0.2200]","[0.0166, -0.0438, 0.1835]","[0.0107, -0.0380, 0.0520]","[0.0107, -0.0380, 0.0505]",,0.0400,XY predicate on ee_base to target body; waypoint controller only.
mujoco_raw_cdpr,3.2.4,move_to_object,cube/block,block,current CDPR gripper MJCF with kinematic waypoint EE controller,1,scripted_waypoint_predicate,10,0.000304,300,0.033432,8973.30,1,8/8,"[0.0000, 0.0000, 0.2200]","[-0.0196, -0.0360, 0.1835]","[-0.0257, -0.0302, 0.0520]","[-0.0257, -0.0302, 0.0505]",,0.0400,XY predicate on ee_base to target body; waypoint controller only.
mujoco_raw_cdpr,3.2.4,move_to_object,cube/block,block,current CDPR gripper MJCF with kinematic waypoint EE controller,1,scripted_waypoint_predicate,11,0.000292,300,0.032978,9096.94,1,8/8,"[0.0000, 0.0000, 0.2200]","[-0.0173, -0.0525, 0.1835]","[-0.0233, -0.0468, 0.0520]","[-0.0233, -0.0468, 0.0505]",,0.0400,XY predicate on ee_base to target body; waypoint controller only.
mujoco_raw_cdpr,3.2.4,move_to_object,cube/block,block,current CDPR gripper MJCF with kinematic waypoint EE controller,1,scripted_waypoint_predicate,12,0.000288,300,0.033403,8981.16,1,8/8,"[0.0000, 0.0000, 0.2200]","[0.0360, -0.0243, 0.1835]","[0.0302, -0.0184, 0.0520]","[0.0302, -0.0184, 0.0505]",,0.0400,XY predicate on ee_base to target body; waypoint controller only.
mujoco_raw_cdpr,3.2.4,move_to_object,cube/block,block,current CDPR gripper MJCF with kinematic waypoint EE controller,1,scripted_waypoint_predicate,13,0.000375,300,0.033257,9020.79,1,8/8,"[0.0000, 0.0000, 0.2200]","[0.0342, -0.0512, 0.1835]","[0.0284, -0.0454, 0.0520]","[0.0284, -0.0454, 0.0505]",,0.0400,XY predicate on ee_base to target body; waypoint controller only.
mujoco_raw_cdpr,3.2.4,move_to_object,cube/block,block,current CDPR gripper MJCF with kinematic waypoint EE controller,1,scripted_waypoint_predicate,14,0.000294,300,0.033239,9025.60,1,8/8,"[0.0000, 0.0000, 0.2200]","[0.0203, -0.0160, 0.1835]","[0.0144, -0.0100, 0.0520]","[0.0144, -0.0100, 0.0505]",,0.0400,XY predicate on ee_base to target body; waypoint controller only.
mujoco_raw_cdpr,3.2.4,move_to_object,cube/block,block,current CDPR gripper MJCF with kinematic waypoint EE controller,1,scripted_waypoint_predicate,15,0.000279,300,0.033192,9038.33,1,8/8,"[0.0000, 0.0000, 0.2200]","[0.0574, -0.0044, 0.1835]","[0.0517, 0.0016, 0.0520]","[0.0517, 0.0016, 0.0505]",,0.0400,XY predicate on ee_base to target body; waypoint controller only.
mujoco_raw_cdpr,3.2.4,move_to_object,cube/block,block,current CDPR gripper MJCF with kinematic waypoint EE controller,1,scripted_waypoint_predicate,16,0.000296,300,0.033416,8977.80,1,8/8,"[0.0000, 0.0000, 0.2200]","[0.0273, -0.0162, 0.1835]","[0.0214, -0.0103, 0.0520]","[0.0214, -0.0103, 0.0505]",,0.0400,XY predicate on ee_base to target body; waypoint controller only.
mujoco_raw_cdpr,3.2.4,move_to_object,cube/block,block,current CDPR gripper MJCF with kinematic waypoint EE controller,1,scripted_waypoint_predicate,17,0.000278,300,0.033459,8966.07,1,8/8,"[0.0000, 0.0000, 0.2200]","[0.0562, -0.0280, 0.1835]","[0.0505, -0.0221, 0.0520]","[0.0505, -0.0221, 0.0505]",,0.0400,XY predicate on ee_base to target body; waypoint controller only.
mujoco_raw_cdpr,3.2.4,move_to_object,cube/block,block,current CDPR gripper MJCF with kinematic waypoint EE controller,1,scripted_waypoint_predicate,18,0.000347,300,0.034651,8657.77,1,8/8,"[0.0000, 0.0000, 0.2200]","[0.0847, -0.0023, 0.1835]","[0.0792, 0.0037, 0.0520]","[0.0792, 0.0037, 0.0505]",,0.0400,XY predicate on ee_base to target body; waypoint controller only.
mujoco_raw_cdpr,3.2.4,move_to_object,cube/block,block,current CDPR gripper MJCF with kinematic waypoint EE controller,1,scripted_waypoint_predicate,19,0.000306,300,0.035991,8335.46,1,8/8,"[0.0000, 0.0000, 0.2200]","[0.0281, 0.0314, 0.1835]","[0.0223, 0.0375, 0.0520]","[0.0223, 0.0375, 0.0505]",,0.0400,XY predicate on ee_base to target body; waypoint controller only.
mujoco_raw_cdpr,3.2.4,push_object,cube/block,block,current CDPR gripper MJCF with kinematic waypoint EE controller,1,scripted_waypoint_predicate,0,0.000411,300,0.028551,10507.50,1,8/8,"[0.0000, 0.0000, 0.2200]","[0.0931, -0.0167, 0.1058]","[0.0135, -0.0168, 0.0520]","[0.7553, -0.0190, -0.0135]",,0.0500,Kinematic CDPR gripper push along +X; success is signed object displacement.
mujoco_raw_cdpr,3.2.4,push_object,cube/block,block,current CDPR gripper MJCF with kinematic waypoint EE controller,1,scripted_waypoint_predicate,1,0.000305,300,0.028217,10632.06,1,8/8,"[0.0000, 0.0000, 0.2200]","[0.0710, 0.0106, 0.1058]","[-0.0087, 0.0106, 0.0520]","[0.7582, 0.0121, -0.0393]",,0.0500,Kinematic CDPR gripper push along +X; success is signed object displacement.
mujoco_raw_cdpr,3.2.4,push_object,cube/block,block,current CDPR gripper MJCF with kinematic waypoint EE controller,1,scripted_waypoint_predicate,2,0.000295,300,0.027922,10744.20,1,8/8,"[0.0000, 0.0000, 0.2200]","[0.0709, 0.0195, 0.1058]","[-0.0087, 0.0196, 0.0520]","[0.7565, 0.0223, -0.0405]",,0.0500,Kinematic CDPR gripper push along +X; success is signed object displacement.
mujoco_raw_cdpr,3.2.4,push_object,cube/block,block,current CDPR gripper MJCF with kinematic waypoint EE controller,1,scripted_waypoint_predicate,3,0.000293,300,0.028166,10651.19,1,8/8,"[0.0000, 0.0000, 0.2200]","[0.0599, 0.0059, 0.1059]","[-0.0198, 0.0059, 0.0520]","[0.7513, 0.0067, -0.0187]",,0.0500,Kinematic CDPR gripper push along +X; success is signed object displacement.
mujoco_raw_cdpr,3.2.4,push_object,cube/block,block,current CDPR gripper MJCF with kinematic waypoint EE controller,1,scripted_waypoint_predicate,4,0.000288,300,0.028045,10697.25,1,8/8,"[0.0000, 0.0000, 0.2200]","[0.0598, 0.0079, 0.1059]","[-0.0199, 0.0080, 0.0520]","[0.7502, 0.0090, -0.0184]",,0.0500,Kinematic CDPR gripper push along +X; success is signed object displacement.
mujoco_raw_cdpr,3.2.4,push_object,cube/block,block,current CDPR gripper MJCF with kinematic waypoint EE controller,1,scripted_waypoint_predicate,5,0.000329,300,0.027963,10728.43,1,8/8,"[0.0000, 0.0000, 0.2200]","[0.0748, 0.0085, 0.1058]","[-0.0048, 0.0085, 0.0520]","[0.7469, 0.0097, -0.0033]",,0.0500,Kinematic CDPR gripper push along +X; success is signed object displacement.
mujoco_raw_cdpr,3.2.4,push_object,cube/block,block,current CDPR gripper MJCF with kinematic waypoint EE controller,1,scripted_waypoint_predicate,6,0.000287,300,0.028326,10591.12,1,8/8,"[0.0000, 0.0000, 0.2200]","[0.0451, 0.0214, 0.1059]","[-0.0347, 0.0215, 0.0520]","[0.7242, 0.0259, -0.0664]",,0.0500,Kinematic CDPR gripper push along +X; success is signed object displacement.
mujoco_raw_cdpr,3.2.4,push_object,cube/block,block,current CDPR gripper MJCF with kinematic waypoint EE controller,1,scripted_waypoint_predicate,7,0.000286,300,0.027920,10745.00,1,8/8,"[0.0000, 0.0000, 0.2200]","[0.0604, 0.0119, 0.1059]","[-0.0193, 0.0120, 0.0520]","[0.7569, 0.0136, -0.0223]",,0.0500,Kinematic CDPR gripper push along +X; success is signed object displacement.
mujoco_raw_cdpr,3.2.4,push_object,cube/block,block,current CDPR gripper MJCF with kinematic waypoint EE controller,1,scripted_waypoint_predicate,8,0.000283,300,0.027883,10759.21,1,8/8,"[0.0000, 0.0000, 0.2200]","[0.0618, 0.0151, 0.1059]","[-0.0179, 0.0152, 0.0520]","[0.7604, 0.0173, -0.0408]",,0.0500,Kinematic CDPR gripper push along +X; success is signed object displacement.
mujoco_raw_cdpr,3.2.4,push_object,cube/block,block,current CDPR gripper MJCF with kinematic waypoint EE controller,1,scripted_waypoint_predicate,9,0.000281,300,0.028235,10625.06,1,8/8,"[0.0000, 0.0000, 0.2200]","[0.0764, 0.0141, 0.1058]","[-0.0032, 0.0142, 0.0520]","[0.7533, 0.0161, -0.0107]",,0.0500,Kinematic CDPR gripper push along +X; success is signed object displacement.
mujoco_raw_cdpr,3.2.4,push_object,cube/block,block,current CDPR gripper MJCF with kinematic waypoint EE controller,1,scripted_waypoint_predicate,10,0.000292,300,0.028042,10698.05,1,8/8,"[0.0000, 0.0000, 0.2200]","[0.0599, 0.0221, 0.1059]","[-0.0198, 0.0222, 0.0520]","[0.7513, 0.0252, -0.0215]",,0.0500,Kinematic CDPR gripper push along +X; success is signed object displacement.
mujoco_raw_cdpr,3.2.4,push_object,cube/block,block,current CDPR gripper MJCF with kinematic waypoint EE controller,1,scripted_waypoint_predicate,11,0.000326,300,0.028418,10556.64,1,8/8,"[0.0000, 0.0000, 0.2200]","[0.0558, -0.0152, 0.1059]","[-0.0239, -0.0152, 0.0520]","[0.7584, -0.0175, -0.0289]",,0.0500,Kinematic CDPR gripper push along +X; success is signed object displacement.
mujoco_raw_cdpr,3.2.4,push_object,cube/block,block,current CDPR gripper MJCF with kinematic waypoint EE controller,1,scripted_waypoint_predicate,12,0.000363,300,0.028191,10641.54,1,8/8,"[0.0000, 0.0000, 0.2200]","[0.0541, 0.0063, 0.1059]","[-0.0256, 0.0064, 0.0520]","[0.7569, 0.0075, -0.0319]",,0.0500,Kinematic CDPR gripper push along +X; success is signed object displacement.
mujoco_raw_cdpr,3.2.4,push_object,cube/block,block,current CDPR gripper MJCF with kinematic waypoint EE controller,1,scripted_waypoint_predicate,13,0.000314,300,0.027721,10821.97,1,8/8,"[0.0000, 0.0000, 0.2200]","[0.0571, 0.0217, 0.1059]","[-0.0226, 0.0218, 0.0520]","[0.7659, 0.0251, -0.0379]",,0.0500,Kinematic CDPR gripper push along +X; success is signed object displacement.
mujoco_raw_cdpr,3.2.4,push_object,cube/block,block,current CDPR gripper MJCF with kinematic waypoint EE controller,1,scripted_waypoint_predicate,14,0.000284,300,0.029185,10279.24,1,8/8,"[0.0000, 0.0000, 0.2200]","[0.0985, 0.0046, 0.1058]","[0.0190, 0.0047, 0.0520]","[0.7434, 0.0053, 0.0117]",,0.0500,Kinematic CDPR gripper push along +X; success is signed object displacement.
mujoco_raw_cdpr,3.2.4,push_object,cube/block,block,current CDPR gripper MJCF with kinematic waypoint EE controller,1,scripted_waypoint_predicate,15,0.000308,300,0.028426,10553.63,1,8/8,"[0.0000, 0.0000, 0.2200]","[0.0878, -0.0087, 0.1058]","[0.0082, -0.0087, 0.0520]","[0.7549, -0.0098, -0.0350]",,0.0500,Kinematic CDPR gripper push along +X; success is signed object displacement.
mujoco_raw_cdpr,3.2.4,push_object,cube/block,block,current CDPR gripper MJCF with kinematic waypoint EE controller,1,scripted_waypoint_predicate,16,0.000292,300,0.030500,9836.03,1,8/8,"[0.0000, 0.0000, 0.2200]","[0.0985, 0.0061, 0.1058]","[0.0189, 0.0061, 0.0520]","[0.7434, 0.0069, 0.0116]",,0.0500,Kinematic CDPR gripper push along +X; success is signed object displacement.
mujoco_raw_cdpr,3.2.4,push_object,cube/block,block,current CDPR gripper MJCF with kinematic waypoint EE controller,1,scripted_waypoint_predicate,17,0.000322,300,0.029650,10118.03,1,8/8,"[0.0000, 0.0000, 0.2200]","[0.0631, -0.0020, 0.1059]","[-0.0166, -0.0021, 0.0520]","[0.7588, -0.0024, -0.0425]",,0.0500,Kinematic CDPR gripper push along +X; success is signed object displacement.
mujoco_raw_cdpr,3.2.4,push_object,cube/block,block,current CDPR gripper MJCF with kinematic waypoint EE controller,1,scripted_waypoint_predicate,18,0.000314,300,0.027647,10851.23,1,8/8,"[0.0000, 0.0000, 0.2200]","[0.0563, -0.0090, 0.1059]","[-0.0235, -0.0090, 0.0520]","[0.7619, -0.0104, -0.0299]",,0.0500,Kinematic CDPR gripper push along +X; success is signed object displacement.
mujoco_raw_cdpr,3.2.4,push_object,cube/block,block,current CDPR gripper MJCF with kinematic waypoint EE controller,1,scripted_waypoint_predicate,19,0.000316,300,0.039970,7505.57,1,8/8,"[0.0000, 0.0000, 0.2200]","[0.0805, -0.0148, 0.1058]","[0.0009, -0.0148, 0.0520]","[0.7538, -0.0169, -0.0396]",,0.0500,Kinematic CDPR gripper push along +X; success is signed object displacement.
mujoco_raw_cdpr,3.2.4,move_to_object,cylinder/can,can,current CDPR gripper MJCF with kinematic waypoint EE controller,1,scripted_waypoint_predicate,0,0.000311,300,0.031915,9400.10,1,8/8,"[0.0000, 0.0000, 0.2200]","[-0.0253, -0.0437, 0.1835]","[-0.0314, -0.0379, 0.0620]","[-0.0314, -0.0378, 0.0604]",,0.0400,XY predicate on ee_base to target body; waypoint controller only.
mujoco_raw_cdpr,3.2.4,move_to_object,cylinder/can,can,current CDPR gripper MJCF with kinematic waypoint EE controller,1,scripted_waypoint_predicate,1,0.000302,300,0.032447,9245.92,1,8/8,"[0.0000, 0.0000, 0.2200]","[-0.0168, 0.0456, 0.1835]","[-0.0228, 0.0518, 0.0620]","[-0.0228, 0.0518, 0.0604]",,0.0400,XY predicate on ee_base to target body; waypoint controller only.
mujoco_raw_cdpr,3.2.4,move_to_object,cylinder/can,can,current CDPR gripper MJCF with kinematic waypoint EE controller,1,scripted_waypoint_predicate,2,0.000338,300,0.031673,9471.68,1,8/8,"[0.0000, 0.0000, 0.2200]","[0.0046, -0.0204, 0.1835]","[-0.0013, -0.0145, 0.0620]","[-0.0013, -0.0145, 0.0604]",,0.0400,XY predicate on ee_base to target body; waypoint controller only.
mujoco_raw_cdpr,3.2.4,move_to_object,cylinder/can,can,current CDPR gripper MJCF with kinematic waypoint EE controller,1,scripted_waypoint_predicate,3,0.000296,300,0.031154,9629.52,1,8/8,"[0.0000, 0.0000, 0.2200]","[0.0759, 0.0446, 0.1835]","[0.0702, 0.0508, 0.0620]","[0.0702, 0.0508, 0.0604]",,0.0400,XY predicate on ee_base to target body; waypoint controller only.
mujoco_raw_cdpr,3.2.4,move_to_object,cylinder/can,can,current CDPR gripper MJCF with kinematic waypoint EE controller,1,scripted_waypoint_predicate,4,0.000292,300,0.030870,9718.09,1,8/8,"[0.0000, 0.0000, 0.2200]","[-0.0443, -0.0335, 0.1835]","[-0.0505, -0.0277, 0.0620]","[-0.0505, -0.0277, 0.0604]",,0.0400,XY predicate on ee_base to target body; waypoint controller only.
mujoco_raw_cdpr,3.2.4,move_to_object,cylinder/can,can,current CDPR gripper MJCF with kinematic waypoint EE controller,1,scripted_waypoint_predicate,5,0.000284,300,0.031322,9578.06,1,8/8,"[0.0000, 0.0000, 0.2200]","[-0.0133, 0.0066, 0.1835]","[-0.0193, 0.0126, 0.0620]","[-0.0193, 0.0126, 0.0604]",,0.0400,XY predicate on ee_base to target body; waypoint controller only.
mujoco_raw_cdpr,3.2.4,move_to_object,cylinder/can,can,current CDPR gripper MJCF with kinematic waypoint EE controller,1,scripted_waypoint_predicate,6,0.000300,300,0.031434,9543.76,1,8/8,"[0.0000, 0.0000, 0.2200]","[0.0390, 0.0509, 0.1835]","[0.0332, 0.0571, 0.0620]","[0.0332, 0.0571, 0.0604]",,0.0400,XY predicate on ee_base to target body; waypoint controller only.
mujoco_raw_cdpr,3.2.4,move_to_object,cylinder/can,can,current CDPR gripper MJCF with kinematic waypoint EE controller,1,scripted_waypoint_predicate,7,0.000363,300,0.030743,9758.31,1,8/8,"[0.0000, 0.0000, 0.2200]","[0.0715, 0.0025, 0.1835]","[0.0659, 0.0085, 0.0620]","[0.0658, 0.0085, 0.0604]",,0.0400,XY predicate on ee_base to target body; waypoint controller only.
mujoco_raw_cdpr,3.2.4,move_to_object,cylinder/can,can,current CDPR gripper MJCF with kinematic waypoint EE controller,1,scripted_waypoint_predicate,8,0.000280,300,0.031541,9511.37,1,8/8,"[0.0000, 0.0000, 0.2200]","[0.0646, -0.0259, 0.1835]","[0.0590, -0.0200, 0.0620]","[0.0590, -0.0200, 0.0604]",,0.0400,XY predicate on ee_base to target body; waypoint controller only.
mujoco_raw_cdpr,3.2.4,move_to_object,cylinder/can,can,current CDPR gripper MJCF with kinematic waypoint EE controller,1,scripted_waypoint_predicate,9,0.000286,300,0.031349,9569.84,1,8/8,"[0.0000, 0.0000, 0.2200]","[0.0174, -0.0212, 0.1835]","[0.0115, -0.0153, 0.0620]","[0.0115, -0.0153, 0.0604]",,0.0400,XY predicate on ee_base to target body; waypoint controller only.
mujoco_raw_cdpr,3.2.4,move_to_object,cylinder/can,can,current CDPR gripper MJCF with kinematic waypoint EE controller,1,scripted_waypoint_predicate,10,0.000331,300,0.030957,9690.93,1,8/8,"[0.0000, 0.0000, 0.2200]","[0.0666, -0.0321, 0.1835]","[0.0609, -0.0263, 0.0620]","[0.0609, -0.0263, 0.0604]",,0.0400,XY predicate on ee_base to target body; waypoint controller only.
mujoco_raw_cdpr,3.2.4,move_to_object,cylinder/can,can,current CDPR gripper MJCF with kinematic waypoint EE controller,1,scripted_waypoint_predicate,11,0.000285,300,0.031072,9655.14,1,8/8,"[0.0000, 0.0000, 0.2200]","[-0.0371, 0.0215, 0.1835]","[-0.0432, 0.0276, 0.0620]","[-0.0432, 0.0276, 0.0604]",,0.0400,XY predicate on ee_base to target body; waypoint controller only.
mujoco_raw_cdpr,3.2.4,move_to_object,cylinder/can,can,current CDPR gripper MJCF with kinematic waypoint EE controller,1,scripted_waypoint_predicate,12,0.000283,300,0.030948,9693.82,1,8/8,"[0.0000, 0.0000, 0.2200]","[-0.0336, -0.0300, 0.1835]","[-0.0397, -0.0242, 0.0620]","[-0.0397, -0.0242, 0.0604]",,0.0400,XY predicate on ee_base to target body; waypoint controller only.
mujoco_raw_cdpr,3.2.4,move_to_object,cylinder/can,can,current CDPR gripper MJCF with kinematic waypoint EE controller,1,scripted_waypoint_predicate,13,0.000329,300,0.030917,9703.53,1,8/8,"[0.0000, 0.0000, 0.2200]","[-0.0249, -0.0178, 0.1835]","[-0.0310, -0.0119, 0.0620]","[-0.0310, -0.0119, 0.0604]",,0.0400,XY predicate on ee_base to target body; waypoint controller only.
mujoco_raw_cdpr,3.2.4,move_to_object,cylinder/can,can,current CDPR gripper MJCF with kinematic waypoint EE controller,1,scripted_waypoint_predicate,14,0.000299,300,0.031352,9568.78,1,8/8,"[0.0000, 0.0000, 0.2200]","[0.0517, 0.0314, 0.1835]","[0.0459, 0.0375, 0.0620]","[0.0459, 0.0375, 0.0604]",,0.0400,XY predicate on ee_base to target body; waypoint controller only.
mujoco_raw_cdpr,3.2.4,move_to_object,cylinder/can,can,current CDPR gripper MJCF with kinematic waypoint EE controller,1,scripted_waypoint_predicate,15,0.000283,300,0.031307,9582.43,1,8/8,"[0.0000, 0.0000, 0.2200]","[-0.0156, 0.0176, 0.1835]","[-0.0216, 0.0237, 0.0620]","[-0.0216, 0.0237, 0.0604]",,0.0400,XY predicate on ee_base to target body; waypoint controller only.
mujoco_raw_cdpr,3.2.4,move_to_object,cylinder/can,can,current CDPR gripper MJCF with kinematic waypoint EE controller,1,scripted_waypoint_predicate,16,0.000415,300,0.031339,9572.65,1,8/8,"[0.0000, 0.0000, 0.2200]","[0.0129, 0.0013, 0.1835]","[0.0070, 0.0073, 0.0620]","[0.0070, 0.0073, 0.0604]",,0.0400,XY predicate on ee_base to target body; waypoint controller only.
mujoco_raw_cdpr,3.2.4,move_to_object,cylinder/can,can,current CDPR gripper MJCF with kinematic waypoint EE controller,1,scripted_waypoint_predicate,17,0.000284,300,0.031372,9562.71,1,8/8,"[0.0000, 0.0000, 0.2200]","[-0.0233, -0.0550, 0.1835]","[-0.0294, -0.0493, 0.0620]","[-0.0294, -0.0493, 0.0604]",,0.0400,XY predicate on ee_base to target body; waypoint controller only.
mujoco_raw_cdpr,3.2.4,move_to_object,cylinder/can,can,current CDPR gripper MJCF with kinematic waypoint EE controller,1,scripted_waypoint_predicate,18,0.000284,300,0.031420,9548.13,1,8/8,"[0.0000, 0.0000, 0.2200]","[0.0762, -0.0584, 0.1835]","[0.0705, -0.0527, 0.0620]","[0.0705, -0.0527, 0.0604]",,0.0400,XY predicate on ee_base to target body; waypoint controller only.
mujoco_raw_cdpr,3.2.4,move_to_object,cylinder/can,can,current CDPR gripper MJCF with kinematic waypoint EE controller,1,scripted_waypoint_predicate,19,0.000281,300,0.031364,9564.97,1,8/8,"[0.0000, 0.0000, 0.2200]","[-0.0009, 0.0391, 0.1835]","[-0.0069, 0.0453, 0.0620]","[-0.0069, 0.0453, 0.0604]",,0.0400,XY predicate on ee_base to target body; waypoint controller only.
mujoco_raw_cdpr,3.2.4,push_object,cylinder/can,can,current CDPR gripper MJCF with kinematic waypoint EE controller,1,scripted_waypoint_predicate,0,0.000320,300,0.029327,10229.55,1,8/8,"[0.0000, 0.0000, 0.2200]","[0.0668, 0.0230, 0.1158]","[-0.0128, 0.0231, 0.0620]","[0.8755, 0.0734, 0.0354]",,0.0500,Kinematic CDPR gripper push along +X; success is signed object displacement.
mujoco_raw_cdpr,3.2.4,push_object,cylinder/can,can,current CDPR gripper MJCF with kinematic waypoint EE controller,1,scripted_waypoint_predicate,1,0.000338,300,0.029452,10185.99,1,8/8,"[0.0000, 0.0000, 0.2200]","[0.0517, -0.0001, 0.1158]","[-0.0281, -0.0001, 0.0620]","[0.8776, 0.0170, -0.0232]",,0.0500,Kinematic CDPR gripper push along +X; success is signed object displacement.
mujoco_raw_cdpr,3.2.4,push_object,cylinder/can,can,current CDPR gripper MJCF with kinematic waypoint EE controller,1,scripted_waypoint_predicate,2,0.000329,300,0.029048,10327.63,1,8/8,"[0.0000, 0.0000, 0.2200]","[0.0686, 0.0227, 0.1158]","[-0.0111, 0.0228, 0.0620]","[0.8869, 0.0615, 0.0605]",,0.0500,Kinematic CDPR gripper push along +X; success is signed object displacement.
mujoco_raw_cdpr,3.2.4,push_object,cylinder/can,can,current CDPR gripper MJCF with kinematic waypoint EE controller,1,scripted_waypoint_predicate,3,0.000324,300,0.029000,10344.75,1,8/8,"[0.0000, 0.0000, 0.2200]","[0.0591, -0.0216, 0.1158]","[-0.0206, -0.0217, 0.0620]","[0.8897, -0.0557, 0.0628]",,0.0500,Kinematic CDPR gripper push along +X; success is signed object displacement.
mujoco_raw_cdpr,3.2.4,push_object,cylinder/can,can,current CDPR gripper MJCF with kinematic waypoint EE controller,1,scripted_waypoint_predicate,4,0.000322,300,0.028690,10456.61,1,8/8,"[0.0000, 0.0000, 0.2200]","[0.0714, 0.0147, 0.1158]","[-0.0083, 0.0148, 0.0620]","[0.8775, 0.0396, 0.0635]",,0.0500,Kinematic CDPR gripper push along +X; success is signed object displacement.
mujoco_raw_cdpr,3.2.4,push_object,cylinder/can,can,current CDPR gripper MJCF with kinematic waypoint EE controller,1,scripted_waypoint_predicate,5,0.000314,300,0.028692,10456.01,1,8/8,"[0.0000, 0.0000, 0.2200]","[0.0704, -0.0148, 0.1158]","[-0.0093, -0.0149, 0.0620]","[0.8276, -0.0357, 0.0789]",,0.0500,Kinematic CDPR gripper push along +X; success is signed object displacement.
mujoco_raw_cdpr,3.2.4,push_object,cylinder/can,can,current CDPR gripper MJCF with kinematic waypoint EE controller,1,scripted_waypoint_predicate,6,0.000318,300,0.028683,10459.05,1,8/8,"[0.0000, 0.0000, 0.2200]","[0.0995, -0.0097, 0.1158]","[0.0200, -0.0098, 0.0620]","[0.8799, -0.0423, 0.0685]",,0.0500,Kinematic CDPR gripper push along +X; success is signed object displacement.
mujoco_raw_cdpr,3.2.4,push_object,cylinder/can,can,current CDPR gripper MJCF with kinematic waypoint EE controller,1,scripted_waypoint_predicate,7,0.000320,300,0.028603,10488.47,1,8/8,"[0.0000, 0.0000, 0.2200]","[0.0511, -0.0036, 0.1158]","[-0.0286, -0.0036, 0.0620]","[0.8780, 0.0078, -0.0212]",,0.0500,Kinematic CDPR gripper push along +X; success is signed object displacement.
mujoco_raw_cdpr,3.2.4,push_object,cylinder/can,can,current CDPR gripper MJCF with kinematic waypoint EE controller,1,scripted_waypoint_predicate,8,0.000315,300,0.028058,10692.06,1,8/8,"[0.0000, 0.0000, 0.2200]","[0.0436, -0.0210, 0.1158]","[-0.0361, -0.0211, 0.0620]","[0.8899, -0.0565, 0.0289]",,0.0500,Kinematic CDPR gripper push along +X; success is signed object displacement.
mujoco_raw_cdpr,3.2.4,push_object,cylinder/can,can,current CDPR gripper MJCF with kinematic waypoint EE controller,1,scripted_waypoint_predicate,9,0.000387,300,0.028374,10573.14,1,8/8,"[0.0000, 0.0000, 0.2200]","[0.0973, 0.0042, 0.1158]","[0.0177, 0.0042, 0.0620]","[0.8994, 0.0109, 0.0690]",,0.0500,Kinematic CDPR gripper push along +X; success is signed object displacement.
mujoco_raw_cdpr,3.2.4,push_object,cylinder/can,can,current CDPR gripper MJCF with kinematic waypoint EE controller,1,scripted_waypoint_predicate,10,0.000282,300,0.027997,10715.34,1,8/8,"[0.0000, 0.0000, 0.2200]","[0.0499, -0.0092, 0.1158]","[-0.0298, -0.0093, 0.0620]","[0.8938, -0.0305, 0.0522]",,0.0500,Kinematic CDPR gripper push along +X; success is signed object displacement.
mujoco_raw_cdpr,3.2.4,push_object,cylinder/can,can,current CDPR gripper MJCF with kinematic waypoint EE controller,1,scripted_waypoint_predicate,11,0.000277,300,0.028540,10511.46,1,8/8,"[0.0000, 0.0000, 0.2200]","[0.0847, 0.0090, 0.1158]","[0.0051, 0.0090, 0.0620]","[0.8916, 0.0194, 0.0715]",,0.0500,Kinematic CDPR gripper push along +X; success is signed object displacement.
mujoco_raw_cdpr,3.2.4,push_object,cylinder/can,can,current CDPR gripper MJCF with kinematic waypoint EE controller,1,scripted_waypoint_predicate,12,0.000325,300,0.028458,10541.71,1,8/8,"[0.0000, 0.0000, 0.2200]","[0.0803, -0.0109, 0.1158]","[0.0007, -0.0110, 0.0620]","[0.8848, -0.0285, 0.0329]",,0.0500,Kinematic CDPR gripper push along +X; success is signed object displacement.
mujoco_raw_cdpr,3.2.4,push_object,cylinder/can,can,current CDPR gripper MJCF with kinematic waypoint EE controller,1,scripted_waypoint_predicate,13,0.000295,300,0.028689,10456.95,1,8/8,"[0.0000, 0.0000, 0.2200]","[0.0444, -0.0118, 0.1158]","[-0.0354, -0.0119, 0.0620]","[0.8871, -0.0320, -0.0033]",,0.0500,Kinematic CDPR gripper push along +X; success is signed object displacement.
mujoco_raw_cdpr,3.2.4,push_object,cylinder/can,can,current CDPR gripper MJCF with kinematic waypoint EE controller,1,scripted_waypoint_predicate,14,0.000282,300,0.028228,10627.65,1,8/8,"[0.0000, 0.0000, 0.2200]","[0.0861, 0.0199, 0.1158]","[0.0065, 0.0200, 0.0620]","[0.8697, 0.0550, 0.0749]",,0.0500,Kinematic CDPR gripper push along +X; success is signed object displacement.
mujoco_raw_cdpr,3.2.4,push_object,cylinder/can,can,current CDPR gripper MJCF with kinematic waypoint EE controller,1,scripted_waypoint_predicate,15,0.000279,300,0.029597,10136.05,1,8/8,"[0.0000, 0.0000, 0.2200]","[0.0714, -0.0156, 0.1158]","[-0.0082, -0.0157, 0.0620]","[0.8769, -0.0455, 0.0654]",,0.0500,Kinematic CDPR gripper push along +X; success is signed object displacement.
mujoco_raw_cdpr,3.2.4,push_object,cylinder/can,can,current CDPR gripper MJCF with kinematic waypoint EE controller,1,scripted_waypoint_predicate,16,0.000304,300,0.028180,10645.91,1,8/8,"[0.0000, 0.0000, 0.2200]","[0.0975, -0.0045, 0.1158]","[0.0180, -0.0045, 0.0620]","[0.8669, -0.0001, 0.0546]",,0.0500,Kinematic CDPR gripper push along +X; success is signed object displacement.
mujoco_raw_cdpr,3.2.4,push_object,cylinder/can,can,current CDPR gripper MJCF with kinematic waypoint EE controller,1,scripted_waypoint_predicate,17,0.000425,300,0.028311,10596.70,1,8/8,"[0.0000, 0.0000, 0.2200]","[0.0801, -0.0117, 0.1158]","[0.0005, -0.0117, 0.0620]","[0.8658, -0.0401, 0.0548]",,0.0500,Kinematic CDPR gripper push along +X; success is signed object displacement.
mujoco_raw_cdpr,3.2.4,push_object,cylinder/can,can,current CDPR gripper MJCF with kinematic waypoint EE controller,1,scripted_waypoint_predicate,18,0.000353,300,0.028357,10579.41,1,8/8,"[0.0000, 0.0000, 0.2200]","[0.0927, 0.0174, 0.1158]","[0.0132, 0.0174, 0.0620]","[0.8729, 0.0578, 0.0724]",,0.0500,Kinematic CDPR gripper push along +X; success is signed object displacement.
mujoco_raw_cdpr,3.2.4,push_object,cylinder/can,can,current CDPR gripper MJCF with kinematic waypoint EE controller,1,scripted_waypoint_predicate,19,0.000415,300,0.028030,10702.93,1,8/8,"[0.0000, 0.0000, 0.2200]","[0.0531, 0.0139, 0.1158]","[-0.0266, 0.0140, 0.0620]","[0.8798, 0.0177, -0.0180]",,0.0500,Kinematic CDPR gripper push along +X; success is signed object displacement.
mujoco_raw_cdpr,3.2.4,move_to_object,sphere/ball,sphere,current CDPR gripper MJCF with kinematic waypoint EE controller,1,scripted_waypoint_predicate,0,0.000292,300,0.032186,9320.74,1,8/8,"[0.0000, 0.0000, 0.2200]","[0.0718, -0.0165, 0.1835]","[0.0662, -0.0105, 0.0520]","[0.0662, -0.0105, 0.0505]",,0.0400,XY predicate on ee_base to target body; waypoint controller only.
mujoco_raw_cdpr,3.2.4,move_to_object,sphere/ball,sphere,current CDPR gripper MJCF with kinematic waypoint EE controller,1,scripted_waypoint_predicate,1,0.000317,300,0.032384,9263.75,1,8/8,"[0.0000, 0.0000, 0.2200]","[0.0814, -0.0136, 0.1835]","[0.0758, -0.0077, 0.0520]","[0.0758, -0.0077, 0.0505]",,0.0400,XY predicate on ee_base to target body; waypoint controller only.
mujoco_raw_cdpr,3.2.4,move_to_object,sphere/ball,sphere,current CDPR gripper MJCF with kinematic waypoint EE controller,1,scripted_waypoint_predicate,2,0.000306,300,0.033150,9049.84,1,8/8,"[0.0000, 0.0000, 0.2200]","[0.0315, -0.0106, 0.1835]","[0.0257, -0.0046, 0.0520]","[0.0257, -0.0046, 0.0505]",,0.0400,XY predicate on ee_base to target body; waypoint controller only.
mujoco_raw_cdpr,3.2.4,move_to_object,sphere/ball,sphere,current CDPR gripper MJCF with kinematic waypoint EE controller,1,scripted_waypoint_predicate,3,0.000394,300,0.035118,8542.75,1,8/8,"[0.0000, 0.0000, 0.2200]","[-0.0521, -0.0029, 0.1835]","[-0.0583, 0.0031, 0.0520]","[-0.0583, 0.0031, 0.0505]",,0.0400,XY predicate on ee_base to target body; waypoint controller only.
mujoco_raw_cdpr,3.2.4,move_to_object,sphere/ball,sphere,current CDPR gripper MJCF with kinematic waypoint EE controller,1,scripted_waypoint_predicate,4,0.000318,300,0.034826,8614.37,1,8/8,"[0.0000, 0.0000, 0.2200]","[0.0009, 0.0527, 0.1835]","[-0.0051, 0.0590, 0.0520]","[-0.0051, 0.0590, 0.0505]",,0.0400,XY predicate on ee_base to target body; waypoint controller only.
mujoco_raw_cdpr,3.2.4,move_to_object,sphere/ball,sphere,current CDPR gripper MJCF with kinematic waypoint EE controller,1,scripted_waypoint_predicate,5,0.000352,300,0.033273,9016.33,1,8/8,"[0.0000, 0.0000, 0.2200]","[0.0391, 0.0174, 0.1835]","[0.0333, 0.0234, 0.0520]","[0.0333, 0.0234, 0.0505]",,0.0400,XY predicate on ee_base to target body; waypoint controller only.
mujoco_raw_cdpr,3.2.4,move_to_object,sphere/ball,sphere,current CDPR gripper MJCF with kinematic waypoint EE controller,1,scripted_waypoint_predicate,6,0.000310,300,0.033478,8961.16,1,8/8,"[0.0000, 0.0000, 0.2200]","[0.0167, -0.0412, 0.1835]","[0.0108, -0.0354, 0.0520]","[0.0108, -0.0354, 0.0505]",,0.0400,XY predicate on ee_base to target body; waypoint controller only.
mujoco_raw_cdpr,3.2.4,move_to_object,sphere/ball,sphere,current CDPR gripper MJCF with kinematic waypoint EE controller,1,scripted_waypoint_predicate,7,0.000326,300,0.036912,8127.52,1,8/8,"[0.0000, 0.0000, 0.2200]","[-0.0178, -0.0434, 0.1835]","[-0.0239, -0.0376, 0.0520]","[-0.0239, -0.0376, 0.0505]",,0.0400,XY predicate on ee_base to target body; waypoint controller only.
mujoco_raw_cdpr,3.2.4,move_to_object,sphere/ball,sphere,current CDPR gripper MJCF with kinematic waypoint EE controller,1,scripted_waypoint_predicate,8,0.000326,300,0.033546,8942.82,1,8/8,"[0.0000, 0.0000, 0.2200]","[-0.0368, -0.0502, 0.1835]","[-0.0429, -0.0445, 0.0520]","[-0.0429, -0.0445, 0.0505]",,0.0400,XY predicate on ee_base to target body; waypoint controller only.
mujoco_raw_cdpr,3.2.4,move_to_object,sphere/ball,sphere,current CDPR gripper MJCF with kinematic waypoint EE controller,1,scripted_waypoint_predicate,9,0.000447,300,0.035734,8395.30,1,8/8,"[0.0000, 0.0000, 0.2200]","[-0.0070, 0.0083, 0.1835]","[-0.0130, 0.0143, 0.0520]","[-0.0130, 0.0143, 0.0505]",,0.0400,XY predicate on ee_base to target body; waypoint controller only.
mujoco_raw_cdpr,3.2.4,move_to_object,sphere/ball,sphere,current CDPR gripper MJCF with kinematic waypoint EE controller,1,scripted_waypoint_predicate,10,0.000316,300,0.034054,8809.60,1,8/8,"[0.0000, 0.0000, 0.2200]","[0.0341, 0.0474, 0.1835]","[0.0283, 0.0537, 0.0520]","[0.0283, 0.0537, 0.0505]",,0.0400,XY predicate on ee_base to target body; waypoint controller only.
mujoco_raw_cdpr,3.2.4,move_to_object,sphere/ball,sphere,current CDPR gripper MJCF with kinematic waypoint EE controller,1,scripted_waypoint_predicate,11,0.000378,300,0.036274,8270.48,1,8/8,"[0.0000, 0.0000, 0.2200]","[0.0194, 0.0407, 0.1835]","[0.0135, 0.0469, 0.0520]","[0.0135, 0.0469, 0.0505]",,0.0400,XY predicate on ee_base to target body; waypoint controller only.
mujoco_raw_cdpr,3.2.4,move_to_object,sphere/ball,sphere,current CDPR gripper MJCF with kinematic waypoint EE controller,1,scripted_waypoint_predicate,12,0.000332,300,0.033696,8903.22,1,8/8,"[0.0000, 0.0000, 0.2200]","[0.0095, -0.0603, 0.1835]","[0.0036, -0.0546, 0.0520]","[0.0036, -0.0546, 0.0505]",,0.0400,XY predicate on ee_base to target body; waypoint controller only.
mujoco_raw_cdpr,3.2.4,move_to_object,sphere/ball,sphere,current CDPR gripper MJCF with kinematic waypoint EE controller,1,scripted_waypoint_predicate,13,0.000429,300,0.060097,4991.91,1,8/8,"[0.0000, 0.0000, 0.2200]","[0.0186, -0.0383, 0.1835]","[0.0127, -0.0324, 0.0520]","[0.0127, -0.0324, 0.0505]",,0.0400,XY predicate on ee_base to target body; waypoint controller only.
mujoco_raw_cdpr,3.2.4,move_to_object,sphere/ball,sphere,current CDPR gripper MJCF with kinematic waypoint EE controller,1,scripted_waypoint_predicate,14,0.000314,300,0.033834,8866.91,1,8/8,"[0.0000, 0.0000, 0.2200]","[0.0657, -0.0246, 0.1835]","[0.0601, -0.0187, 0.0520]","[0.0601, -0.0187, 0.0505]",,0.0400,XY predicate on ee_base to target body; waypoint controller only.
mujoco_raw_cdpr,3.2.4,move_to_object,sphere/ball,sphere,current CDPR gripper MJCF with kinematic waypoint EE controller,1,scripted_waypoint_predicate,15,0.000302,300,0.033347,8996.26,1,8/8,"[0.0000, 0.0000, 0.2200]","[0.0040, -0.0354, 0.1835]","[-0.0020, -0.0295, 0.0520]","[-0.0020, -0.0295, 0.0505]",,0.0400,XY predicate on ee_base to target body; waypoint controller only.
mujoco_raw_cdpr,3.2.4,move_to_object,sphere/ball,sphere,current CDPR gripper MJCF with kinematic waypoint EE controller,1,scripted_waypoint_predicate,16,0.000307,300,0.033382,8986.95,1,8/8,"[0.0000, 0.0000, 0.2200]","[-0.0125, 0.0264, 0.1835]","[-0.0186, 0.0325, 0.0520]","[-0.0186, 0.0325, 0.0505]",,0.0400,XY predicate on ee_base to target body; waypoint controller only.
mujoco_raw_cdpr,3.2.4,move_to_object,sphere/ball,sphere,current CDPR gripper MJCF with kinematic waypoint EE controller,1,scripted_waypoint_predicate,17,0.000325,300,0.032764,9156.46,1,8/8,"[0.0000, 0.0000, 0.2200]","[0.0471, -0.0116, 0.1835]","[0.0413, -0.0057, 0.0520]","[0.0413, -0.0057, 0.0505]",,0.0400,XY predicate on ee_base to target body; waypoint controller only.
mujoco_raw_cdpr,3.2.4,move_to_object,sphere/ball,sphere,current CDPR gripper MJCF with kinematic waypoint EE controller,1,scripted_waypoint_predicate,18,0.000305,300,0.032320,9282.18,1,8/8,"[0.0000, 0.0000, 0.2200]","[0.0192, 0.0072, 0.1835]","[0.0134, 0.0133, 0.0520]","[0.0134, 0.0133, 0.0505]",,0.0400,XY predicate on ee_base to target body; waypoint controller only.
mujoco_raw_cdpr,3.2.4,move_to_object,sphere/ball,sphere,current CDPR gripper MJCF with kinematic waypoint EE controller,1,scripted_waypoint_predicate,19,0.000291,300,0.032982,9095.86,1,8/8,"[0.0000, 0.0000, 0.2200]","[0.0200, -0.0234, 0.1835]","[0.0141, -0.0175, 0.0520]","[0.0141, -0.0175, 0.0505]",,0.0400,XY predicate on ee_base to target body; waypoint controller only.
mujoco_raw_cdpr,3.2.4,push_object,sphere/ball,sphere,current CDPR gripper MJCF with kinematic waypoint EE controller,1,scripted_waypoint_predicate,0,0.000352,300,0.032118,9340.69,1,8/8,"[0.0000, 0.0000, 0.2200]","[0.0941, -0.0037, 0.1058]","[0.0146, -0.0037, 0.0520]","[0.1907, -0.0086, 0.0827]",,0.0500,Kinematic CDPR gripper push along +X; success is signed object displacement.
mujoco_raw_cdpr,3.2.4,push_object,sphere/ball,sphere,current CDPR gripper MJCF with kinematic waypoint EE controller,1,scripted_waypoint_predicate,1,0.000304,300,0.031978,9381.56,1,8/8,"[0.0000, 0.0000, 0.2200]","[0.0531, -0.0138, 0.1059]","[-0.0267, -0.0139, 0.0520]","[0.1516, -0.0293, 0.0752]",,0.0500,Kinematic CDPR gripper push along +X; success is signed object displacement.
mujoco_raw_cdpr,3.2.4,push_object,sphere/ball,sphere,current CDPR gripper MJCF with kinematic waypoint EE controller,1,scripted_waypoint_predicate,2,0.000299,300,0.032129,9337.38,1,8/8,"[0.0000, 0.0000, 0.2200]","[0.0732, 0.0235, 0.1058]","[-0.0064, 0.0236, 0.0520]","[0.1768, 0.0366, 0.0505]",,0.0500,Kinematic CDPR gripper push along +X; success is signed object displacement.
mujoco_raw_cdpr,3.2.4,push_object,sphere/ball,sphere,current CDPR gripper MJCF with kinematic waypoint EE controller,1,scripted_waypoint_predicate,3,0.000285,300,0.032730,9166.00,1,8/8,"[0.0000, 0.0000, 0.2200]","[0.0474, 0.0228, 0.1059]","[-0.0324, 0.0229, 0.0520]","[0.1455, 0.0476, 0.0709]",,0.0500,Kinematic CDPR gripper push along +X; success is signed object displacement.
mujoco_raw_cdpr,3.2.4,push_object,sphere/ball,sphere,current CDPR gripper MJCF with kinematic waypoint EE controller,1,scripted_waypoint_predicate,4,0.000315,300,0.032004,9373.77,1,8/8,"[0.0000, 0.0000, 0.2200]","[0.0433, 0.0246, 0.1059]","[-0.0365, 0.0247, 0.0520]","[0.1362, 0.0556, 0.0677]",,0.0500,Kinematic CDPR gripper push along +X; success is signed object displacement.
mujoco_raw_cdpr,3.2.4,push_object,sphere/ball,sphere,current CDPR gripper MJCF with kinematic waypoint EE controller,1,scripted_waypoint_predicate,5,0.000306,300,0.031757,9446.85,1,8/8,"[0.0000, 0.0000, 0.2200]","[0.0900, 0.0072, 0.1058]","[0.0104, 0.0073, 0.0520]","[0.1933, 0.0200, 0.0946]",,0.0500,Kinematic CDPR gripper push along +X; success is signed object displacement.
mujoco_raw_cdpr,3.2.4,push_object,sphere/ball,sphere,current CDPR gripper MJCF with kinematic waypoint EE controller,1,scripted_waypoint_predicate,6,0.000329,300,0.031572,9502.15,1,8/8,"[0.0000, 0.0000, 0.2200]","[0.0804, -0.0133, 0.1058]","[0.0008, -0.0133, 0.0520]","[0.1792, -0.0276, 0.0501]",,0.0500,Kinematic CDPR gripper push along +X; success is signed object displacement.
mujoco_raw_cdpr,3.2.4,push_object,sphere/ball,sphere,current CDPR gripper MJCF with kinematic waypoint EE controller,1,scripted_waypoint_predicate,7,0.000527,300,0.032527,9223.12,1,8/8,"[0.0000, 0.0000, 0.2200]","[0.0930, 0.0190, 0.1058]","[0.0134, 0.0191, 0.0520]","[0.2107, 0.0438, 0.1044]",,0.0500,Kinematic CDPR gripper push along +X; success is signed object displacement.
mujoco_raw_cdpr,3.2.4,push_object,sphere/ball,sphere,current CDPR gripper MJCF with kinematic waypoint EE controller,1,scripted_waypoint_predicate,8,0.000352,300,0.032143,9333.32,1,8/8,"[0.0000, 0.0000, 0.2200]","[0.0536, -0.0136, 0.1059]","[-0.0261, -0.0136, 0.0520]","[0.1383, -0.0289, 0.0663]",,0.0500,Kinematic CDPR gripper push along +X; success is signed object displacement.
mujoco_raw_cdpr,3.2.4,push_object,sphere/ball,sphere,current CDPR gripper MJCF with kinematic waypoint EE controller,1,scripted_waypoint_predicate,9,0.000316,300,0.032175,9324.11,1,8/8,"[0.0000, 0.0000, 0.2200]","[0.0447, -0.0018, 0.1059]","[-0.0351, -0.0018, 0.0520]","[0.1335, -0.0040, 0.0587]",,0.0500,Kinematic CDPR gripper push along +X; success is signed object displacement.
mujoco_raw_cdpr,3.2.4,push_object,sphere/ball,sphere,current CDPR gripper MJCF with kinematic waypoint EE controller,1,scripted_waypoint_predicate,10,0.000319,300,0.031675,9471.28,1,8/8,"[0.0000, 0.0000, 0.2200]","[0.0682, -0.0186, 0.1058]","[-0.0114, -0.0186, 0.0520]","[0.1267, -0.0448, 0.0506]",,0.0500,Kinematic CDPR gripper push along +X; success is signed object displacement.
mujoco_raw_cdpr,3.2.4,push_object,sphere/ball,sphere,current CDPR gripper MJCF with kinematic waypoint EE controller,1,scripted_waypoint_predicate,11,0.000293,300,0.032768,9155.37,1,8/8,"[0.0000, 0.0000, 0.2200]","[0.0658, 0.0209, 0.1058]","[-0.0138, 0.0210, 0.0520]","[0.1684, 0.0323, 0.0505]",,0.0500,Kinematic CDPR gripper push along +X; success is signed object displacement.
mujoco_raw_cdpr,3.2.4,push_object,sphere/ball,sphere,current CDPR gripper MJCF with kinematic waypoint EE controller,1,scripted_waypoint_predicate,12,0.000298,300,0.032242,9304.61,1,8/8,"[0.0000, 0.0000, 0.2200]","[0.0746, 0.0191, 0.1058]","[-0.0050, 0.0191, 0.0520]","[0.1758, 0.0444, 0.0763]",,0.0500,Kinematic CDPR gripper push along +X; success is signed object displacement.
mujoco_raw_cdpr,3.2.4,push_object,sphere/ball,sphere,current CDPR gripper MJCF with kinematic waypoint EE controller,1,scripted_waypoint_predicate,13,0.000280,300,0.031819,9428.22,1,8/8,"[0.0000, 0.0000, 0.2200]","[0.0640, 0.0031, 0.1059]","[-0.0157, 0.0031, 0.0520]","[0.1572, 0.0058, 0.0769]",,0.0500,Kinematic CDPR gripper push along +X; success is signed object displacement.
mujoco_raw_cdpr,3.2.4,push_object,sphere/ball,sphere,current CDPR gripper MJCF with kinematic waypoint EE controller,1,scripted_waypoint_predicate,14,0.000293,300,0.031472,9532.18,1,8/8,"[0.0000, 0.0000, 0.2200]","[0.0868, 0.0102, 0.1058]","[0.0073, 0.0103, 0.0520]","[0.1858, 0.0267, 0.0851]",,0.0500,Kinematic CDPR gripper push along +X; success is signed object displacement.
mujoco_raw_cdpr,3.2.4,push_object,sphere/ball,sphere,current CDPR gripper MJCF with kinematic waypoint EE controller,1,scripted_waypoint_predicate,15,0.000319,300,0.032276,9294.82,1,8/8,"[0.0000, 0.0000, 0.2200]","[0.0863, -0.0201, 0.1058]","[0.0067, -0.0202, 0.0520]","[0.2035, -0.0476, 0.1035]",,0.0500,Kinematic CDPR gripper push along +X; success is signed object displacement.
mujoco_raw_cdpr,3.2.4,push_object,sphere/ball,sphere,current CDPR gripper MJCF with kinematic waypoint EE controller,1,scripted_waypoint_predicate,16,0.000311,300,0.032185,9321.18,1,8/8,"[0.0000, 0.0000, 0.2200]","[0.0504, -0.0043, 0.1059]","[-0.0294, -0.0043, 0.0520]","[0.1523, -0.0067, 0.0505]",,0.0500,Kinematic CDPR gripper push along +X; success is signed object displacement.
mujoco_raw_cdpr,3.2.4,push_object,sphere/ball,sphere,current CDPR gripper MJCF with kinematic waypoint EE controller,1,scripted_waypoint_predicate,17,0.000361,300,0.031977,9381.66,1,8/8,"[0.0000, 0.0000, 0.2200]","[0.0900, 0.0036, 0.1058]","[0.0105, 0.0036, 0.0520]","[0.1892, 0.0094, 0.0884]",,0.0500,Kinematic CDPR gripper push along +X; success is signed object displacement.
mujoco_raw_cdpr,3.2.4,push_object,sphere/ball,sphere,current CDPR gripper MJCF with kinematic waypoint EE controller,1,scripted_waypoint_predicate,18,0.000307,300,0.031765,9444.37,1,8/8,"[0.0000, 0.0000, 0.2200]","[0.0879, 0.0194, 0.1058]","[0.0084, 0.0195, 0.0520]","[0.2090, 0.0468, 0.1079]",,0.0500,Kinematic CDPR gripper push along +X; success is signed object displacement.
mujoco_raw_cdpr,3.2.4,push_object,sphere/ball,sphere,current CDPR gripper MJCF with kinematic waypoint EE controller,1,scripted_waypoint_predicate,19,0.000291,300,0.031441,9541.80,1,8/8,"[0.0000, 0.0000, 0.2200]","[0.0476, 0.0201, 0.1059]","[-0.0322, 0.0201, 0.0520]","[0.1464, 0.0409, 0.0691]",,0.0500,Kinematic CDPR gripper push along +X; success is signed object displacement.
mujoco_raw_cdpr,3.2.4,place_relation_left,cube/block,block,current CDPR gripper MJCF with kinematic waypoint EE controller,1,predicate_validation_only,0,0.000302,300,0.038255,7842.10,1,8/8,"[0.0000, 0.0000, 0.2200]","[-0.0249, 0.0000, 0.2034]","[-0.1000, -0.0800, 0.0520]","[-0.0726, -0.0014, 0.0505]","[0.0800, 0.0000, 0.0290]",0.0800,Direct object pose set used because scripted robust grasping is outside this scaffold.
mujoco_raw_cdpr,3.2.4,place_relation_right,cube/block,block,current CDPR gripper MJCF with kinematic waypoint EE controller,1,predicate_validation_only,1,0.000354,300,0.037827,7930.94,1,8/8,"[0.0000, 0.0000, 0.2200]","[0.1842, -0.0000, 0.2033]","[-0.1000, -0.0800, 0.0520]","[0.2400, -0.0017, 0.0505]","[0.0800, 0.0000, 0.0290]",0.0800,Direct object pose set used because scripted robust grasping is outside this scaffold.
mujoco_raw_cdpr,3.2.4,place_relation_front,cube/block,block,current CDPR gripper MJCF with kinematic waypoint EE controller,1,predicate_validation_only,2,0.000302,300,0.038949,7702.42,1,8/8,"[0.0000, 0.0000, 0.2200]","[0.0796, 0.1045, 0.2034]","[-0.1000, -0.0800, 0.0520]","[0.0736, 0.1449, 0.0505]","[0.0800, 0.0000, 0.0290]",0.0800,Direct object pose set used because scripted robust grasping is outside this scaffold.
mujoco_raw_cdpr,3.2.4,place_relation_behind,cube/block,block,current CDPR gripper MJCF with kinematic waypoint EE controller,1,predicate_validation_only,3,0.000312,300,0.037109,8084.36,1,8/8,"[0.0000, 0.0000, 0.2200]","[0.0796, -0.1045, 0.2034]","[-0.1000, -0.0800, 0.0520]","[0.0782, -0.1609, 0.0505]","[0.0800, 0.0000, 0.0290]",0.0800,Direct object pose set used because scripted robust grasping is outside this scaffold.
mujoco_raw_cdpr,3.2.4,place_relation_left,cube/block,block,current CDPR gripper MJCF with kinematic waypoint EE controller,1,predicate_validation_only,4,0.000284,300,0.038119,7870.09,1,8/8,"[0.0000, 0.0000, 0.2200]","[-0.0249, 0.0000, 0.2034]","[-0.1000, -0.0800, 0.0520]","[-0.0726, -0.0014, 0.0505]","[0.0800, 0.0000, 0.0290]",0.0800,Direct object pose set used because scripted robust grasping is outside this scaffold.
mujoco_raw_cdpr,3.2.4,place_relation_right,cube/block,block,current CDPR gripper MJCF with kinematic waypoint EE controller,1,predicate_validation_only,5,0.000329,300,0.037793,7937.93,1,8/8,"[0.0000, 0.0000, 0.2200]","[0.1842, -0.0000, 0.2033]","[-0.1000, -0.0800, 0.0520]","[0.2400, -0.0017, 0.0505]","[0.0800, 0.0000, 0.0290]",0.0800,Direct object pose set used because scripted robust grasping is outside this scaffold.
mujoco_raw_cdpr,3.2.4,place_relation_front,cube/block,block,current CDPR gripper MJCF with kinematic waypoint EE controller,1,predicate_validation_only,6,0.000304,300,0.038565,7778.98,1,8/8,"[0.0000, 0.0000, 0.2200]","[0.0796, 0.1045, 0.2034]","[-0.1000, -0.0800, 0.0520]","[0.0736, 0.1449, 0.0505]","[0.0800, 0.0000, 0.0290]",0.0800,Direct object pose set used because scripted robust grasping is outside this scaffold.
mujoco_raw_cdpr,3.2.4,place_relation_behind,cube/block,block,current CDPR gripper MJCF with kinematic waypoint EE controller,1,predicate_validation_only,7,0.000290,300,0.037760,7944.89,1,8/8,"[0.0000, 0.0000, 0.2200]","[0.0796, -0.1045, 0.2034]","[-0.1000, -0.0800, 0.0520]","[0.0782, -0.1609, 0.0505]","[0.0800, 0.0000, 0.0290]",0.0800,Direct object pose set used because scripted robust grasping is outside this scaffold.
mujoco_raw_cdpr,3.2.4,place_relation_left,cube/block,block,current CDPR gripper MJCF with kinematic waypoint EE controller,1,predicate_validation_only,8,0.000288,300,0.038008,7893.08,1,8/8,"[0.0000, 0.0000, 0.2200]","[-0.0249, 0.0000, 0.2034]","[-0.1000, -0.0800, 0.0520]","[-0.0726, -0.0014, 0.0505]","[0.0800, 0.0000, 0.0290]",0.0800,Direct object pose set used because scripted robust grasping is outside this scaffold.
mujoco_raw_cdpr,3.2.4,place_relation_right,cube/block,block,current CDPR gripper MJCF with kinematic waypoint EE controller,1,predicate_validation_only,9,0.000346,300,0.037558,7987.67,1,8/8,"[0.0000, 0.0000, 0.2200]","[0.1842, -0.0000, 0.2033]","[-0.1000, -0.0800, 0.0520]","[0.2400, -0.0017, 0.0505]","[0.0800, 0.0000, 0.0290]",0.0800,Direct object pose set used because scripted robust grasping is outside this scaffold.
mujoco_raw_cdpr,3.2.4,place_relation_front,cube/block,block,current CDPR gripper MJCF with kinematic waypoint EE controller,1,predicate_validation_only,10,0.000357,300,0.037599,7978.98,1,8/8,"[0.0000, 0.0000, 0.2200]","[0.0796, 0.1045, 0.2034]","[-0.1000, -0.0800, 0.0520]","[0.0736, 0.1449, 0.0505]","[0.0800, 0.0000, 0.0290]",0.0800,Direct object pose set used because scripted robust grasping is outside this scaffold.
mujoco_raw_cdpr,3.2.4,place_relation_behind,cube/block,block,current CDPR gripper MJCF with kinematic waypoint EE controller,1,predicate_validation_only,11,0.000315,300,0.037404,8020.47,1,8/8,"[0.0000, 0.0000, 0.2200]","[0.0796, -0.1045, 0.2034]","[-0.1000, -0.0800, 0.0520]","[0.0782, -0.1609, 0.0505]","[0.0800, 0.0000, 0.0290]",0.0800,Direct object pose set used because scripted robust grasping is outside this scaffold.
mujoco_raw_cdpr,3.2.4,place_relation_left,cube/block,block,current CDPR gripper MJCF with kinematic waypoint EE controller,1,predicate_validation_only,12,0.000278,300,0.037782,7940.32,1,8/8,"[0.0000, 0.0000, 0.2200]","[-0.0249, 0.0000, 0.2034]","[-0.1000, -0.0800, 0.0520]","[-0.0726, -0.0014, 0.0505]","[0.0800, 0.0000, 0.0290]",0.0800,Direct object pose set used because scripted robust grasping is outside this scaffold.
mujoco_raw_cdpr,3.2.4,place_relation_right,cube/block,block,current CDPR gripper MJCF with kinematic waypoint EE controller,1,predicate_validation_only,13,0.000273,300,0.037475,8005.34,1,8/8,"[0.0000, 0.0000, 0.2200]","[0.1842, -0.0000, 0.2033]","[-0.1000, -0.0800, 0.0520]","[0.2400, -0.0017, 0.0505]","[0.0800, 0.0000, 0.0290]",0.0800,Direct object pose set used because scripted robust grasping is outside this scaffold.
mujoco_raw_cdpr,3.2.4,place_relation_front,cube/block,block,current CDPR gripper MJCF with kinematic waypoint EE controller,1,predicate_validation_only,14,0.000267,300,0.037630,7972.42,1,8/8,"[0.0000, 0.0000, 0.2200]","[0.0796, 0.1045, 0.2034]","[-0.1000, -0.0800, 0.0520]","[0.0736, 0.1449, 0.0505]","[0.0800, 0.0000, 0.0290]",0.0800,Direct object pose set used because scripted robust grasping is outside this scaffold.
mujoco_raw_cdpr,3.2.4,place_relation_behind,cube/block,block,current CDPR gripper MJCF with kinematic waypoint EE controller,1,predicate_validation_only,15,0.000380,300,0.037100,8086.24,1,8/8,"[0.0000, 0.0000, 0.2200]","[0.0796, -0.1045, 0.2034]","[-0.1000, -0.0800, 0.0520]","[0.0782, -0.1609, 0.0505]","[0.0800, 0.0000, 0.0290]",0.0800,Direct object pose set used because scripted robust grasping is outside this scaffold.
mujoco_raw_cdpr,3.2.4,place_relation_left,cube/block,block,current CDPR gripper MJCF with kinematic waypoint EE controller,1,predicate_validation_only,16,0.000312,300,0.037293,8044.32,1,8/8,"[0.0000, 0.0000, 0.2200]","[-0.0249, 0.0000, 0.2034]","[-0.1000, -0.0800, 0.0520]","[-0.0726, -0.0014, 0.0505]","[0.0800, 0.0000, 0.0290]",0.0800,Direct object pose set used because scripted robust grasping is outside this scaffold.
mujoco_raw_cdpr,3.2.4,place_relation_right,cube/block,block,current CDPR gripper MJCF with kinematic waypoint EE controller,1,predicate_validation_only,17,0.000295,300,0.037380,8025.72,1,8/8,"[0.0000, 0.0000, 0.2200]","[0.1842, -0.0000, 0.2033]","[-0.1000, -0.0800, 0.0520]","[0.2400, -0.0017, 0.0505]","[0.0800, 0.0000, 0.0290]",0.0800,Direct object pose set used because scripted robust grasping is outside this scaffold.
mujoco_raw_cdpr,3.2.4,place_relation_front,cube/block,block,current CDPR gripper MJCF with kinematic waypoint EE controller,1,predicate_validation_only,18,0.000308,300,0.037307,8041.41,1,8/8,"[0.0000, 0.0000, 0.2200]","[0.0796, 0.1045, 0.2034]","[-0.1000, -0.0800, 0.0520]","[0.0736, 0.1449, 0.0505]","[0.0800, 0.0000, 0.0290]",0.0800,Direct object pose set used because scripted robust grasping is outside this scaffold.
mujoco_raw_cdpr,3.2.4,place_relation_behind,cube/block,block,current CDPR gripper MJCF with kinematic waypoint EE controller,1,predicate_validation_only,19,0.000317,300,0.037251,8053.42,1,8/8,"[0.0000, 0.0000, 0.2200]","[0.0796, -0.1045, 0.2034]","[-0.1000, -0.0800, 0.0520]","[0.0782, -0.1609, 0.0505]","[0.0800, 0.0000, 0.0290]",0.0800,Direct object pose set used because scripted robust grasping is outside this scaffold.
